"id","type","symbol","lifecycle","owner","replacement","earliest_removal","namespace_entry"
"class:ngeo","class","ngeo","stable","core-api","","",""
"class:ngeo_artifact_manifest","class","ngeo_artifact_manifest","stable","reproducibility-engineering","","",""
"class:ngeo_artifact_validation_report","class","ngeo_artifact_validation_report","stable","reproducibility-engineering","","",""
"class:ngeo_atlas_robust_effect","class","ngeo_atlas_robust_effect","stable","neuroimaging-methods","","",""
"class:ngeo_atomic_output","class","ngeo_atomic_output","stable","core-api","","",""
"class:ngeo_batch_manifest","class","ngeo_batch_manifest","stable","reproducibility-engineering","","",""
"class:ngeo_batch_validation_report","class","ngeo_batch_validation_report","stable","core-api","","",""
"class:ngeo_bids_name","class","ngeo_bids_name","stable","io","","",""
"class:ngeo_boundary_test","class","ngeo_boundary_test","stable","core-api","","",""
"class:ngeo_brain_landscape","class","ngeo_brain_landscape","stable","statistical-methods","","",""
"class:ngeo_brain_point_process","class","ngeo_brain_point_process","stable","statistical-methods","","",""
"class:ngeo_car","class","ngeo_car","stable","statistical-methods","","",""
"class:ngeo_car_uncertainty","class","ngeo_car_uncertainty","stable","statistical-methods","","",""
"class:ngeo_common_support_test","class","ngeo_common_support_test","stable","neuroimaging-methods","","",""
"class:ngeo_coordinate_space","class","ngeo_coordinate_space","stable","core-api","","",""
"class:ngeo_coordinate_space_audit","class","ngeo_coordinate_space_audit","stable","core-api","","",""
"class:ngeo_coordinate_space_registry","class","ngeo_coordinate_space_registry","stable","core-api","","",""
"class:ngeo_coregionalization","class","ngeo_coregionalization","experimental","core-api","","",""
"class:ngeo_correlogram","class","ngeo_correlogram","stable","core-api","","",""
"class:ngeo_cortical_layout","class","ngeo_cortical_layout","stable","core-api","","",""
"class:ngeo_cortical_map","class","ngeo_cortical_map","stable","core-api","","",""
"class:ngeo_cross_atlas","class","ngeo_cross_atlas","stable","neuroimaging-methods","","",""
"class:ngeo_cross_atlas_consensus","class","ngeo_cross_atlas_consensus","stable","neuroimaging-methods","","",""
"class:ngeo_delayed_values","class","ngeo_delayed_values","stable","core-api","","",""
"class:ngeo_environment_snapshot","class","ngeo_environment_snapshot","stable","core-api","","",""
"class:ngeo_error","class","ngeo_error","stable","core-api","","",""
"class:ngeo_error_manifest","class","ngeo_error_manifest","stable","reproducibility-engineering","","",""
"class:ngeo_error_nonconvergence","class","ngeo_error_nonconvergence","stable","core-api","","",""
"class:ngeo_exchangeability","class","ngeo_exchangeability","stable","core-api","","",""
"class:ngeo_file_values","class","ngeo_file_values","stable","io","","",""
"class:ngeo_frozen_regionalization","class","ngeo_frozen_regionalization","stable","statistical-methods","","",""
"class:ngeo_getis","class","ngeo_getis","stable","core-api","","",""
"class:ngeo_gis_analysis","class","ngeo_gis_analysis","stable","statistical-methods","","",""
"class:ngeo_global_stat","class","ngeo_global_stat","stable","core-api","","",""
"class:ngeo_grayordinate","class","ngeo_grayordinate","stable","core-api","","",""
"class:ngeo_grayordinate_base","class","ngeo_grayordinate_base","stable","core-api","","",""
"class:ngeo_group_result","class","ngeo_group_result","stable","statistical-methods","","",""
"class:ngeo_gwr","class","ngeo_gwr","stable","statistical-methods","","",""
"class:ngeo_gwr_bandwidth","class","ngeo_gwr_bandwidth","stable","statistical-methods","","",""
"class:ngeo_gwr_uncertainty","class","ngeo_gwr_uncertainty","stable","statistical-methods","","",""
"class:ngeo_history_dag","class","ngeo_history_dag","stable","core-api","","",""
"class:ngeo_inference_contract","class","ngeo_inference_contract","stable","core-api","","",""
"class:ngeo_iterative_car","class","ngeo_iterative_car","stable","statistical-methods","","",""
"class:ngeo_iterative_solution","class","ngeo_iterative_solution","stable","core-api","","",""
"class:ngeo_iterative_spatial_regression","class","ngeo_iterative_spatial_regression","stable","statistical-methods","","",""
"class:ngeo_kernel_regression","class","ngeo_kernel_regression","stable","core-api","","",""
"class:ngeo_kriging","class","ngeo_kriging","stable","statistical-methods","","",""
"class:ngeo_kriging_uncertainty","class","ngeo_kriging_uncertainty","stable","statistical-methods","","",""
"class:ngeo_layer_index","class","ngeo_layer_index","stable","core-api","","",""
"class:ngeo_layer_view","class","ngeo_layer_view","stable","core-api","","",""
"class:ngeo_lisa","class","ngeo_lisa","stable","core-api","","",""
"class:ngeo_local_layer_coupling","class","ngeo_local_layer_coupling","stable","statistical-methods","","",""
"class:ngeo_logdet_estimate","class","ngeo_logdet_estimate","stable","core-api","","",""
"class:ngeo_manifest_validation_report","class","ngeo_manifest_validation_report","stable","reproducibility-engineering","","",""
"class:ngeo_maup_sensitivity","class","ngeo_maup_sensitivity","stable","neuroimaging-methods","","",""
"class:ngeo_mgwr","class","ngeo_mgwr","experimental","statistical-methods","","",""
"class:ngeo_migration_report","class","ngeo_migration_report","stable","core-api","","",""
"class:ngeo_model_calibration","class","ngeo_model_calibration","stable","statistical-methods","","",""
"class:ngeo_multiscale_inference","class","ngeo_multiscale_inference","stable","core-api","","",""
"class:ngeo_nonseparable_hotspots","class","ngeo_nonseparable_hotspots","stable","statistical-methods","","",""
"class:ngeo_null","class","ngeo_null","experimental","core-api","","",""
"class:ngeo_object_manifest","class","ngeo_object_manifest","stable","reproducibility-engineering","","",""
"class:ngeo_operator_graph","class","ngeo_operator_graph","stable","neuroimaging-methods","","",""
"class:ngeo_operator_path","class","ngeo_operator_path","stable","neuroimaging-methods","","",""
"class:ngeo_parcellation","class","ngeo_parcellation","stable","core-api","","",""
"class:ngeo_parcellation_base","class","ngeo_parcellation_base","stable","core-api","","",""
"class:ngeo_parcellation_inference","class","ngeo_parcellation_inference","stable","core-api","","",""
"class:ngeo_partition","class","ngeo_partition","stable","neuroimaging-methods","","",""
"class:ngeo_permutation_control","class","ngeo_permutation_control","stable","core-api","","",""
"class:ngeo_point","class","ngeo_point","stable","core-api","","",""
"class:ngeo_point_base","class","ngeo_point_base","stable","core-api","","",""
"class:ngeo_qc","class","ngeo_qc","stable","core-api","","",""
"class:ngeo_relation","class","ngeo_relation","stable","core-api","","",""
"class:ngeo_replay_manifest","class","ngeo_replay_manifest","stable","reproducibility-engineering","","",""
"class:ngeo_replay_result","class","ngeo_replay_result","stable","reproducibility-engineering","","",""
"class:ngeo_replay_step","class","ngeo_replay_step","stable","reproducibility-engineering","","",""
"class:ngeo_replay_validation_report","class","ngeo_replay_validation_report","stable","reproducibility-engineering","","",""
"class:ngeo_resampling_diagnostics","class","ngeo_resampling_diagnostics","stable","neuroimaging-methods","","",""
"class:ngeo_resampling_plan","class","ngeo_resampling_plan","stable","neuroimaging-methods","","",""
"class:ngeo_resampling_result","class","ngeo_resampling_result","stable","neuroimaging-methods","","",""
"class:ngeo_resistance_distance","class","ngeo_resistance_distance","stable","statistical-methods","","",""
"class:ngeo_resource_budget","class","ngeo_resource_budget","stable","reproducibility-engineering","","",""
"class:ngeo_solver_control","class","ngeo_solver_control","stable","core-api","","",""
"class:ngeo_spatial_basis","class","ngeo_spatial_basis","stable","statistical-methods","","",""
"class:ngeo_spatial_lm","class","ngeo_spatial_lm","stable","statistical-methods","","",""
"class:ngeo_spatial_ordination","class","ngeo_spatial_ordination","experimental","statistical-methods","","",""
"class:ngeo_spatial_regression","class","ngeo_spatial_regression","stable","statistical-methods","","",""
"class:ngeo_spatial_regression_uncertainty","class","ngeo_spatial_regression_uncertainty","stable","statistical-methods","","",""
"class:ngeo_spatial_weights","class","ngeo_spatial_weights","stable","statistical-methods","","",""
"class:ngeo_spatiotemporal_moran","class","ngeo_spatiotemporal_moran","stable","statistical-methods","","",""
"class:ngeo_spatiotemporal_variogram","class","ngeo_spatiotemporal_variogram","stable","statistical-methods","","",""
"class:ngeo_spatiotemporal_weights","class","ngeo_spatiotemporal_weights","stable","core-api","","",""
"class:ngeo_stream_lm","class","ngeo_stream_lm","stable","core-api","","",""
"class:ngeo_stream_moran","class","ngeo_stream_moran","stable","statistical-methods","","",""
"class:ngeo_stream_summary","class","ngeo_stream_summary","stable","core-api","","",""
"class:ngeo_subject_features","class","ngeo_subject_features","stable","core-api","","",""
"class:ngeo_support_adjustment","class","ngeo_support_adjustment","stable","neuroimaging-methods","","",""
"class:ngeo_support_bundle_output","class","ngeo_support_bundle_output","stable","neuroimaging-methods","","",""
"class:ngeo_support_condition","class","ngeo_support_condition","stable","neuroimaging-methods","","",""
"class:ngeo_support_covariance","class","ngeo_support_covariance","stable","neuroimaging-methods","","",""
"class:ngeo_support_diagnostics","class","ngeo_support_diagnostics","stable","neuroimaging-methods","","",""
"class:ngeo_support_ensemble","class","ngeo_support_ensemble","stable","neuroimaging-methods","","",""
"class:ngeo_support_map","class","ngeo_support_map","stable","neuroimaging-methods","","",""
"class:ngeo_support_model","class","ngeo_support_model","stable","neuroimaging-methods","","",""
"class:ngeo_support_model_ensemble","class","ngeo_support_model_ensemble","stable","neuroimaging-methods","","",""
"class:ngeo_support_sensitivity","class","ngeo_support_sensitivity","stable","neuroimaging-methods","","",""
"class:ngeo_support_test","class","ngeo_support_test","stable","neuroimaging-methods","","",""
"class:ngeo_support_uncertainty","class","ngeo_support_uncertainty","stable","neuroimaging-methods","","",""
"class:ngeo_surface","class","ngeo_surface","stable","core-api","","",""
"class:ngeo_surface_base","class","ngeo_surface_base","stable","core-api","","",""
"class:ngeo_temporal_moran","class","ngeo_temporal_moran","stable","statistical-methods","","",""
"class:ngeo_temporal_variogram","class","ngeo_temporal_variogram","stable","statistical-methods","","",""
"class:ngeo_temporal_weights","class","ngeo_temporal_weights","stable","core-api","","",""
"class:ngeo_time_axis","class","ngeo_time_axis","stable","core-api","","",""
"class:ngeo_transform","class","ngeo_transform","stable","core-api","","",""
"class:ngeo_transform_graph","class","ngeo_transform_graph","stable","core-api","","",""
"class:ngeo_transform_graph_diagnostics","class","ngeo_transform_graph_diagnostics","stable","core-api","","",""
"class:ngeo_transform_path","class","ngeo_transform_path","stable","core-api","","",""
"class:ngeo_variogram","class","ngeo_variogram","stable","statistical-methods","","",""
"class:ngeo_variogram_fit","class","ngeo_variogram_fit","stable","statistical-methods","","",""
"class:ngeo_variogram_uncertainty","class","ngeo_variogram_uncertainty","stable","statistical-methods","","",""
"class:ngeo_volume","class","ngeo_volume","stable","core-api","","",""
"class:ngeo_volume_base","class","ngeo_volume_base","stable","core-api","","",""
"class:ngeo_warning","class","ngeo_warning","stable","core-api","","",""
"class:ngeo_wavelet_coupling","class","ngeo_wavelet_coupling","stable","statistical-methods","","",""
"export:aggregate_to","export","aggregate_to","stable","neuroimaging-methods","","","export(aggregate_to)"
"export:as_igraph","export","as_igraph","stable","core-api","","","export(as_igraph)"
"export:as_spdep_listw","export","as_spdep_listw","stable","core-api","","","export(as_spdep_listw)"
"export:as_spdep_nb","export","as_spdep_nb","stable","core-api","","","export(as_spdep_nb)"
"export:base_elements","export","base_elements","stable-compatibility","core-api","ngeo_base_elements","7.0.0","export(base_elements)"
"export:base_hash","export","base_hash","stable-compatibility","reproducibility-engineering","ngeo_base_hash","7.0.0","export(base_hash)"
"export:base_signature","export","base_signature","stable","reproducibility-engineering","","","export(base_signature)"
"export:base_type","export","base_type","stable-compatibility","core-api","ngeo_base_type","7.0.0","export(base_type)"
"export:history","export","history","stable-compatibility","core-api","ngeo_history","7.0.0","export(history)"
"export:layers","export","layers","stable-compatibility","core-api","ngeo_layers","7.0.0","export(layers)"
"export:measures","export","measures","stable-compatibility","core-api","ngeo_measures","7.0.0","export(measures)"
"export:ngeo_add_transform","export","ngeo_add_transform","stable","core-api","","","export(ngeo_add_transform)"
"export:ngeo_adjacency","export","ngeo_adjacency","stable","core-api","","","export(ngeo_adjacency)"
"export:ngeo_affine_grid_map","export","ngeo_affine_grid_map","stable","core-api","","","export(ngeo_affine_grid_map)"
"export:ngeo_aggregate","export","ngeo_aggregate","stable","neuroimaging-methods","","","export(ngeo_aggregate)"
"export:ngeo_apply_regionalization","export","ngeo_apply_regionalization","stable","statistical-methods","","","export(ngeo_apply_regionalization)"
"export:ngeo_apply_transform","export","ngeo_apply_transform","stable","core-api","","","export(ngeo_apply_transform)"
"export:ngeo_apply_transform_path","export","ngeo_apply_transform_path","stable","core-api","","","export(ngeo_apply_transform_path)"
"export:ngeo_artifact_manifest","export","ngeo_artifact_manifest","stable","reproducibility-engineering","","","export(ngeo_artifact_manifest)"
"export:ngeo_as_sf","export","ngeo_as_sf","stable","core-api","","","export(ngeo_as_sf)"
"export:ngeo_atlas_compare","export","ngeo_atlas_compare","stable","neuroimaging-methods","","","export(ngeo_atlas_compare)"
"export:ngeo_atlas_map","export","ngeo_atlas_map","stable","neuroimaging-methods","","","export(ngeo_atlas_map)"
"export:ngeo_atlas_overlap","export","ngeo_atlas_overlap","stable","neuroimaging-methods","","","export(ngeo_atlas_overlap)"
"export:ngeo_atlas_robust_effect","export","ngeo_atlas_robust_effect","stable","neuroimaging-methods","","","export(ngeo_atlas_robust_effect)"
"export:ngeo_base_elements","export","ngeo_base_elements","stable","core-api","","","export(ngeo_base_elements)"
"export:ngeo_base_hash","export","ngeo_base_hash","stable","reproducibility-engineering","","","export(ngeo_base_hash)"
"export:ngeo_base_signature","export","ngeo_base_signature","stable","reproducibility-engineering","","","export(ngeo_base_signature)"
"export:ngeo_base_type","export","ngeo_base_type","stable","core-api","","","export(ngeo_base_type)"
"export:ngeo_basis_project","export","ngeo_basis_project","stable","core-api","","","export(ngeo_basis_project)"
"export:ngeo_bids_build_name","export","ngeo_bids_build_name","stable","io","","","export(ngeo_bids_build_name)"
"export:ngeo_bids_parse_name","export","ngeo_bids_parse_name","stable","io","","","export(ngeo_bids_parse_name)"
"export:ngeo_bids_sidecar","export","ngeo_bids_sidecar","stable","io","","","export(ngeo_bids_sidecar)"
"export:ngeo_bind_layers","export","ngeo_bind_layers","stable","core-api","","","export(ngeo_bind_layers)"
"export:ngeo_boundary","export","ngeo_boundary","stable","core-api","","","export(ngeo_boundary)"
"export:ngeo_boundary_sensitivity","export","ngeo_boundary_sensitivity","stable","core-api","","","export(ngeo_boundary_sensitivity)"
"export:ngeo_boundary_test","export","ngeo_boundary_test","stable","core-api","","","export(ngeo_boundary_test)"
"export:ngeo_brain_landscape","export","ngeo_brain_landscape","stable","statistical-methods","","","export(ngeo_brain_landscape)"
"export:ngeo_brain_point_process","export","ngeo_brain_point_process","stable","statistical-methods","","","export(ngeo_brain_point_process)"
"export:ngeo_build_resampling_map","export","ngeo_build_resampling_map","stable","neuroimaging-methods","","","export(ngeo_build_resampling_map)"
"export:ngeo_capabilities","export","ngeo_capabilities","stable","core-api","","","export(ngeo_capabilities)"
"export:ngeo_car","export","ngeo_car","stable","statistical-methods","","","export(ngeo_car)"
"export:ngeo_car_iterative","export","ngeo_car_iterative","stable","statistical-methods","","","export(ngeo_car_iterative)"
"export:ngeo_car_uncertainty","export","ngeo_car_uncertainty","stable","statistical-methods","","","export(ngeo_car_uncertainty)"
"export:ngeo_chart_distortion","export","ngeo_chart_distortion","stable","core-api","","","export(ngeo_chart_distortion)"
"export:ngeo_common_support_test","export","ngeo_common_support_test","stable","neuroimaging-methods","","","export(ngeo_common_support_test)"
"export:ngeo_components","export","ngeo_components","stable","core-api","","","export(ngeo_components)"
"export:ngeo_compose_support_map","export","ngeo_compose_support_map","stable","neuroimaging-methods","","","export(ngeo_compose_support_map)"
"export:ngeo_compose_transform","export","ngeo_compose_transform","stable","core-api","","","export(ngeo_compose_transform)"
"export:ngeo_contiguous_regionalization","export","ngeo_contiguous_regionalization","stable","statistical-methods","","","export(ngeo_contiguous_regionalization)"
"export:ngeo_coordinate_space","export","ngeo_coordinate_space","stable","core-api","","","export(ngeo_coordinate_space)"
"export:ngeo_coordinate_space_audit","export","ngeo_coordinate_space_audit","stable","core-api","","","export(ngeo_coordinate_space_audit)"
"export:ngeo_coordinate_space_hash","export","ngeo_coordinate_space_hash","stable","reproducibility-engineering","","","export(ngeo_coordinate_space_hash)"
"export:ngeo_coordinate_space_registry","export","ngeo_coordinate_space_registry","stable","core-api","","","export(ngeo_coordinate_space_registry)"
"export:ngeo_coregionalization","export","ngeo_coregionalization","experimental","core-api","","","export(ngeo_coregionalization)"
"export:ngeo_correlogram","export","ngeo_correlogram","stable","core-api","","","export(ngeo_correlogram)"
"export:ngeo_cortical_layout","export","ngeo_cortical_layout","stable","core-api","","","export(ngeo_cortical_layout)"
"export:ngeo_cortical_map","export","ngeo_cortical_map","stable","core-api","","","export(ngeo_cortical_map)"
"export:ngeo_cortical_map_data","export","ngeo_cortical_map_data","stable","core-api","","","export(ngeo_cortical_map_data)"
"export:ngeo_cross_atlas","export","ngeo_cross_atlas","stable","neuroimaging-methods","","","export(ngeo_cross_atlas)"
"export:ngeo_cross_atlas_consensus","export","ngeo_cross_atlas_consensus","stable","neuroimaging-methods","","","export(ngeo_cross_atlas_consensus)"
"export:ngeo_distance","export","ngeo_distance","stable","core-api","","","export(ngeo_distance)"
"export:ngeo_environment_snapshot","export","ngeo_environment_snapshot","stable","core-api","","","export(ngeo_environment_snapshot)"
"export:ngeo_example_data","export","ngeo_example_data","stable","core-api","","","export(ngeo_example_data)"
"export:ngeo_exchangeability","export","ngeo_exchangeability","stable","core-api","","","export(ngeo_exchangeability)"
"export:ngeo_export_history","export","ngeo_export_history","stable","core-api","","","export(ngeo_export_history)"
"export:ngeo_file_values","export","ngeo_file_values","stable","io","","","export(ngeo_file_values)"
"export:ngeo_file_values_identity","export","ngeo_file_values_identity","stable","io","","","export(ngeo_file_values_identity)"
"export:ngeo_fit_variogram","export","ngeo_fit_variogram","stable","statistical-methods","","","export(ngeo_fit_variogram)"
"export:ngeo_flatten_surface","export","ngeo_flatten_surface","stable","core-api","","","export(ngeo_flatten_surface)"
"export:ngeo_freeze_regionalization","export","ngeo_freeze_regionalization","stable","statistical-methods","","","export(ngeo_freeze_regionalization)"
"export:ngeo_geary","export","ngeo_geary","stable","statistical-methods","","","export(ngeo_geary)"
"export:ngeo_get_time_axis","export","ngeo_get_time_axis","stable","core-api","","","export(ngeo_get_time_axis)"
"export:ngeo_getis_ord","export","ngeo_getis_ord","stable","core-api","","","export(ngeo_getis_ord)"
"export:ngeo_grayordinate","export","ngeo_grayordinate","stable","core-api","","","export(ngeo_grayordinate)"
"export:ngeo_group_test","export","ngeo_group_test","stable","statistical-methods","","","export(ngeo_group_test)"
"export:ngeo_gwr","export","ngeo_gwr","stable","statistical-methods","","","export(ngeo_gwr)"
"export:ngeo_gwr_bandwidth","export","ngeo_gwr_bandwidth","stable","statistical-methods","","","export(ngeo_gwr_bandwidth)"
"export:ngeo_gwr_uncertainty","export","ngeo_gwr_uncertainty","stable","statistical-methods","","","export(ngeo_gwr_uncertainty)"
"export:ngeo_history","export","ngeo_history","stable","core-api","","","export(ngeo_history)"
"export:ngeo_history_dag","export","ngeo_history_dag","stable","core-api","","","export(ngeo_history_dag)"
"export:ngeo_hotspot_group_features","export","ngeo_hotspot_group_features","stable","statistical-methods","","","export(ngeo_hotspot_group_features)"
"export:ngeo_inference_contract","export","ngeo_inference_contract","stable","core-api","","","export(ngeo_inference_contract)"
"export:ngeo_invert_transform","export","ngeo_invert_transform","stable","core-api","","","export(ngeo_invert_transform)"
"export:ngeo_iterative_solve","export","ngeo_iterative_solve","stable","core-api","","","export(ngeo_iterative_solve)"
"export:ngeo_kernel_regression","export","ngeo_kernel_regression","stable","core-api","","","export(ngeo_kernel_regression)"
"export:ngeo_kriging","export","ngeo_kriging","stable","statistical-methods","","","export(ngeo_kriging)"
"export:ngeo_kriging_uncertainty","export","ngeo_kriging_uncertainty","stable","statistical-methods","","","export(ngeo_kriging_uncertainty)"
"export:ngeo_label_overlap_map","export","ngeo_label_overlap_map","stable","core-api","","","export(ngeo_label_overlap_map)"
"export:ngeo_labels","export","ngeo_labels","stable","core-api","","","export(ngeo_labels)"
"export:ngeo_layer_coupling","export","ngeo_layer_coupling","stable","core-api","","","export(ngeo_layer_coupling)"
"export:ngeo_layer_index","export","ngeo_layer_index","stable","core-api","","","export(ngeo_layer_index)"
"export:ngeo_layer_view","export","ngeo_layer_view","stable","core-api","","","export(ngeo_layer_view)"
"export:ngeo_layers","export","ngeo_layers","stable","core-api","","","export(ngeo_layers)"
"export:ngeo_local_layer_coupling","export","ngeo_local_layer_coupling","stable","statistical-methods","","","export(ngeo_local_layer_coupling)"
"export:ngeo_local_moran","export","ngeo_local_moran","stable","statistical-methods","","","export(ngeo_local_moran)"
"export:ngeo_logdet_approx","export","ngeo_logdet_approx","stable","core-api","","","export(ngeo_logdet_approx)"
"export:ngeo_logical_hash","export","ngeo_logical_hash","stable","reproducibility-engineering","","","export(ngeo_logical_hash)"
"export:ngeo_longitudinal_change","export","ngeo_longitudinal_change","stable","core-api","","","export(ngeo_longitudinal_change)"
"export:ngeo_materialize_spatiotemporal_weights","export","ngeo_materialize_spatiotemporal_weights","stable","core-api","","","export(ngeo_materialize_spatiotemporal_weights)"
"export:ngeo_maup_sensitivity","export","ngeo_maup_sensitivity","stable","neuroimaging-methods","","","export(ngeo_maup_sensitivity)"
"export:ngeo_measure","export","ngeo_measure","stable","core-api","","","export(ngeo_measure)"
"export:ngeo_measures","export","ngeo_measures","stable","core-api","","","export(ngeo_measures)"
"export:ngeo_mgwr","export","ngeo_mgwr","experimental","statistical-methods","","","export(ngeo_mgwr)"
"export:ngeo_migrate_5x","export","ngeo_migrate_5x","stable","core-api","","","export(ngeo_migrate_5x)"
"export:ngeo_migrate_support_map_exchange","export","ngeo_migrate_support_map_exchange","stable","neuroimaging-methods","","","export(ngeo_migrate_support_map_exchange)"
"export:ngeo_model_calibration","export","ngeo_model_calibration","stable","statistical-methods","","","export(ngeo_model_calibration)"
"export:ngeo_moran","export","ngeo_moran","stable","statistical-methods","","","export(ngeo_moran)"
"export:ngeo_moran_null","export","ngeo_moran_null","stable","statistical-methods","","","export(ngeo_moran_null)"
"export:ngeo_multiscale_inference","export","ngeo_multiscale_inference","stable","core-api","","","export(ngeo_multiscale_inference)"
"export:ngeo_neighbors","export","ngeo_neighbors","stable","core-api","","","export(ngeo_neighbors)"
"export:ngeo_nonseparable_hotspots","export","ngeo_nonseparable_hotspots","stable","statistical-methods","","","export(ngeo_nonseparable_hotspots)"
"export:ngeo_object_manifest","export","ngeo_object_manifest","stable","reproducibility-engineering","","","export(ngeo_object_manifest)"
"export:ngeo_operator_graph","export","ngeo_operator_graph","stable","neuroimaging-methods","","","export(ngeo_operator_graph)"
"export:ngeo_operator_path","export","ngeo_operator_path","stable","neuroimaging-methods","","","export(ngeo_operator_path)"
"export:ngeo_parcellation","export","ngeo_parcellation","stable","core-api","","","export(ngeo_parcellation)"
"export:ngeo_parcellation_inference","export","ngeo_parcellation_inference","stable","core-api","","","export(ngeo_parcellation_inference)"
"export:ngeo_partition","export","ngeo_partition","stable","neuroimaging-methods","","","export(ngeo_partition)"
"export:ngeo_permutation_control","export","ngeo_permutation_control","stable","core-api","","","export(ngeo_permutation_control)"
"export:ngeo_point","export","ngeo_point","stable","core-api","","","export(ngeo_point)"
"export:ngeo_probabilistic_atlas_map","export","ngeo_probabilistic_atlas_map","stable","neuroimaging-methods","","","export(ngeo_probabilistic_atlas_map)"
"export:ngeo_project_surface","export","ngeo_project_surface","stable","core-api","","","export(ngeo_project_surface)"
"export:ngeo_qc","export","ngeo_qc","stable","core-api","","","export(ngeo_qc)"
"export:ngeo_read_artifact_batch","export","ngeo_read_artifact_batch","stable","io","","","export(ngeo_read_artifact_batch)"
"export:ngeo_record_replay","export","ngeo_record_replay","stable","reproducibility-engineering","","","export(ngeo_record_replay)"
"export:ngeo_region_adjacency","export","ngeo_region_adjacency","stable","core-api","","","export(ngeo_region_adjacency)"
"export:ngeo_register_space","export","ngeo_register_space","stable","core-api","","","export(ngeo_register_space)"
"export:ngeo_registration_ensemble","export","ngeo_registration_ensemble","stable","core-api","","","export(ngeo_registration_ensemble)"
"export:ngeo_relation","export","ngeo_relation","stable","core-api","","","export(ngeo_relation)"
"export:ngeo_replay","export","ngeo_replay","stable","reproducibility-engineering","","","export(ngeo_replay)"
"export:ngeo_replay_step","export","ngeo_replay_step","stable","reproducibility-engineering","","","export(ngeo_replay_step)"
"export:ngeo_resample","export","ngeo_resample","stable","neuroimaging-methods","","","export(ngeo_resample)"
"export:ngeo_resampling_diagnostics","export","ngeo_resampling_diagnostics","stable","neuroimaging-methods","","","export(ngeo_resampling_diagnostics)"
"export:ngeo_resampling_plan","export","ngeo_resampling_plan","stable","neuroimaging-methods","","","export(ngeo_resampling_plan)"
"export:ngeo_resistance_distance","export","ngeo_resistance_distance","stable","statistical-methods","","","export(ngeo_resistance_distance)"
"export:ngeo_resolve_space","export","ngeo_resolve_space","stable","core-api","","","export(ngeo_resolve_space)"
"export:ngeo_resource_budget","export","ngeo_resource_budget","stable","reproducibility-engineering","","","export(ngeo_resource_budget)"
"export:ngeo_segmentation_ensemble","export","ngeo_segmentation_ensemble","stable","core-api","","","export(ngeo_segmentation_ensemble)"
"export:ngeo_set_chart","export","ngeo_set_chart","stable","core-api","","","export(ngeo_set_chart)"
"export:ngeo_set_time_axis","export","ngeo_set_time_axis","stable","core-api","","","export(ngeo_set_time_axis)"
"export:ngeo_solver_control","export","ngeo_solver_control","stable","core-api","","","export(ngeo_solver_control)"
"export:ngeo_spatial_base","export","ngeo_spatial_base","stable","statistical-methods","","","export(ngeo_spatial_base)"
"export:ngeo_spatial_basis","export","ngeo_spatial_basis","stable","statistical-methods","","","export(ngeo_spatial_basis)"
"export:ngeo_spatial_lm","export","ngeo_spatial_lm","stable","statistical-methods","","","export(ngeo_spatial_lm)"
"export:ngeo_spatial_ordination","export","ngeo_spatial_ordination","experimental","statistical-methods","","","export(ngeo_spatial_ordination)"
"export:ngeo_spatial_regression","export","ngeo_spatial_regression","stable","statistical-methods","","","export(ngeo_spatial_regression)"
"export:ngeo_spatial_regression_iterative","export","ngeo_spatial_regression_iterative","stable","statistical-methods","","","export(ngeo_spatial_regression_iterative)"
"export:ngeo_spatial_regression_uncertainty","export","ngeo_spatial_regression_uncertainty","stable","statistical-methods","","","export(ngeo_spatial_regression_uncertainty)"
"export:ngeo_spatial_weights","export","ngeo_spatial_weights","stable","statistical-methods","","","export(ngeo_spatial_weights)"
"export:ngeo_spatiotemporal_lag","export","ngeo_spatiotemporal_lag","stable","core-api","","","export(ngeo_spatiotemporal_lag)"
"export:ngeo_spatiotemporal_moran","export","ngeo_spatiotemporal_moran","stable","statistical-methods","","","export(ngeo_spatiotemporal_moran)"
"export:ngeo_spatiotemporal_variogram","export","ngeo_spatiotemporal_variogram","stable","statistical-methods","","","export(ngeo_spatiotemporal_variogram)"
"export:ngeo_spatiotemporal_weights","export","ngeo_spatiotemporal_weights","stable","core-api","","","export(ngeo_spatiotemporal_weights)"
"export:ngeo_spin_null","export","ngeo_spin_null","experimental","core-api","","","export(ngeo_spin_null)"
"export:ngeo_stream_covariance","export","ngeo_stream_covariance","stable","core-api","","","export(ngeo_stream_covariance)"
"export:ngeo_stream_lm","export","ngeo_stream_lm","stable","core-api","","","export(ngeo_stream_lm)"
"export:ngeo_stream_moran","export","ngeo_stream_moran","stable","statistical-methods","","","export(ngeo_stream_moran)"
"export:ngeo_stream_summary","export","ngeo_stream_summary","stable","core-api","","","export(ngeo_stream_summary)"
"export:ngeo_subset","export","ngeo_subset","stable","core-api","","","export(ngeo_subset)"
"export:ngeo_support_adjust","export","ngeo_support_adjust","stable","neuroimaging-methods","","","export(ngeo_support_adjust)"
"export:ngeo_support_condition","export","ngeo_support_condition","stable","neuroimaging-methods","","","export(ngeo_support_condition)"
"export:ngeo_support_covariance","export","ngeo_support_covariance","stable","neuroimaging-methods","","","export(ngeo_support_covariance)"
"export:ngeo_support_diagnostics","export","ngeo_support_diagnostics","stable","neuroimaging-methods","","","export(ngeo_support_diagnostics)"
"export:ngeo_support_ensemble","export","ngeo_support_ensemble","stable","neuroimaging-methods","","","export(ngeo_support_ensemble)"
"export:ngeo_support_entropy","export","ngeo_support_entropy","stable","neuroimaging-methods","","","export(ngeo_support_entropy)"
"export:ngeo_support_map","export","ngeo_support_map","stable","neuroimaging-methods","","","export(ngeo_support_map)"
"export:ngeo_support_map_from_partition","export","ngeo_support_map_from_partition","stable","neuroimaging-methods","","","export(ngeo_support_map_from_partition)"
"export:ngeo_support_map_hash","export","ngeo_support_map_hash","stable","neuroimaging-methods","","","export(ngeo_support_map_hash)"
"export:ngeo_support_model","export","ngeo_support_model","stable","neuroimaging-methods","","","export(ngeo_support_model)"
"export:ngeo_support_model_ensemble","export","ngeo_support_model_ensemble","stable","neuroimaging-methods","","","export(ngeo_support_model_ensemble)"
"export:ngeo_support_monte_carlo","export","ngeo_support_monte_carlo","stable","neuroimaging-methods","","","export(ngeo_support_monte_carlo)"
"export:ngeo_support_sensitivity","export","ngeo_support_sensitivity","stable","neuroimaging-methods","","","export(ngeo_support_sensitivity)"
"export:ngeo_support_size","export","ngeo_support_size","stable","neuroimaging-methods","","","export(ngeo_support_size)"
"export:ngeo_support_test","export","ngeo_support_test","stable","neuroimaging-methods","","","export(ngeo_support_test)"
"export:ngeo_support_uncertainty","export","ngeo_support_uncertainty","stable","neuroimaging-methods","","","export(ngeo_support_uncertainty)"
"export:ngeo_support_variance","export","ngeo_support_variance","stable","neuroimaging-methods","","","export(ngeo_support_variance)"
"export:ngeo_surface","export","ngeo_surface","stable","core-api","","","export(ngeo_surface)"
"export:ngeo_surface_barycentric_map","export","ngeo_surface_barycentric_map","stable","core-api","","","export(ngeo_surface_barycentric_map)"
"export:ngeo_surface_nearest_map","export","ngeo_surface_nearest_map","stable","core-api","","","export(ngeo_surface_nearest_map)"
"export:ngeo_surface_registration_map","export","ngeo_surface_registration_map","stable","core-api","","","export(ngeo_surface_registration_map)"
"export:ngeo_temporal_contrast","export","ngeo_temporal_contrast","stable","core-api","","","export(ngeo_temporal_contrast)"
"export:ngeo_temporal_moran","export","ngeo_temporal_moran","stable","statistical-methods","","","export(ngeo_temporal_moran)"
"export:ngeo_temporal_neighbors","export","ngeo_temporal_neighbors","stable","core-api","","","export(ngeo_temporal_neighbors)"
"export:ngeo_temporal_trend","export","ngeo_temporal_trend","stable","core-api","","","export(ngeo_temporal_trend)"
"export:ngeo_temporal_variogram","export","ngeo_temporal_variogram","stable","statistical-methods","","","export(ngeo_temporal_variogram)"
"export:ngeo_temporal_weights","export","ngeo_temporal_weights","stable","core-api","","","export(ngeo_temporal_weights)"
"export:ngeo_time_axis","export","ngeo_time_axis","stable","core-api","","","export(ngeo_time_axis)"
"export:ngeo_time_axis_hash","export","ngeo_time_axis_hash","stable","reproducibility-engineering","","","export(ngeo_time_axis_hash)"
"export:ngeo_time_slice","export","ngeo_time_slice","stable","core-api","","","export(ngeo_time_slice)"
"export:ngeo_transform","export","ngeo_transform","stable","core-api","","","export(ngeo_transform)"
"export:ngeo_transform_graph","export","ngeo_transform_graph","stable","core-api","","","export(ngeo_transform_graph)"
"export:ngeo_transform_graph_diagnostics","export","ngeo_transform_graph_diagnostics","stable","core-api","","","export(ngeo_transform_graph_diagnostics)"
"export:ngeo_transform_hash","export","ngeo_transform_hash","stable","reproducibility-engineering","","","export(ngeo_transform_hash)"
"export:ngeo_transform_path","export","ngeo_transform_path","stable","core-api","","","export(ngeo_transform_path)"
"export:ngeo_transform_path_history","export","ngeo_transform_path_history","stable","core-api","","","export(ngeo_transform_path_history)"
"export:ngeo_update_measure","export","ngeo_update_measure","stable","core-api","","","export(ngeo_update_measure)"
"export:ngeo_validate","export","ngeo_validate","stable","core-api","","","export(ngeo_validate)"
"export:ngeo_validate_artifact_batch","export","ngeo_validate_artifact_batch","stable","reproducibility-engineering","","","export(ngeo_validate_artifact_batch)"
"export:ngeo_validate_artifact_manifest","export","ngeo_validate_artifact_manifest","stable","reproducibility-engineering","","","export(ngeo_validate_artifact_manifest)"
"export:ngeo_validate_bids_sidecar","export","ngeo_validate_bids_sidecar","stable","io","","","export(ngeo_validate_bids_sidecar)"
"export:ngeo_validate_cifti_contract","export","ngeo_validate_cifti_contract","stable","io","","","export(ngeo_validate_cifti_contract)"
"export:ngeo_validate_file_values","export","ngeo_validate_file_values","stable","io","","","export(ngeo_validate_file_values)"
"export:ngeo_validate_history_dag","export","ngeo_validate_history_dag","stable","core-api","","","export(ngeo_validate_history_dag)"
"export:ngeo_validate_layers","export","ngeo_validate_layers","stable-compatibility","core-api","ngeo_layer_index","7.0.0","export(ngeo_validate_layers)"
"export:ngeo_validate_manifest","export","ngeo_validate_manifest","stable","reproducibility-engineering","","","export(ngeo_validate_manifest)"
"export:ngeo_validate_relation","export","ngeo_validate_relation","stable","core-api","","","export(ngeo_validate_relation)"
"export:ngeo_validate_replay_manifest","export","ngeo_validate_replay_manifest","stable","reproducibility-engineering","","","export(ngeo_validate_replay_manifest)"
"export:ngeo_validate_resampling_plan","export","ngeo_validate_resampling_plan","stable","neuroimaging-methods","","","export(ngeo_validate_resampling_plan)"
"export:ngeo_validate_solver_control","export","ngeo_validate_solver_control","stable","core-api","","","export(ngeo_validate_solver_control)"
"export:ngeo_validate_space_registry","export","ngeo_validate_space_registry","stable","core-api","","","export(ngeo_validate_space_registry)"
"export:ngeo_validate_spatiotemporal_weights","export","ngeo_validate_spatiotemporal_weights","stable","core-api","","","export(ngeo_validate_spatiotemporal_weights)"
"export:ngeo_validate_support_bundle","export","ngeo_validate_support_bundle","stable","neuroimaging-methods","","","export(ngeo_validate_support_bundle)"
"export:ngeo_validate_support_covariance","export","ngeo_validate_support_covariance","stable","neuroimaging-methods","","","export(ngeo_validate_support_covariance)"
"export:ngeo_validate_support_ensemble","export","ngeo_validate_support_ensemble","stable","neuroimaging-methods","","","export(ngeo_validate_support_ensemble)"
"export:ngeo_validate_support_map","export","ngeo_validate_support_map","stable","neuroimaging-methods","","","export(ngeo_validate_support_map)"
"export:ngeo_validate_temporal_weights","export","ngeo_validate_temporal_weights","stable","core-api","","","export(ngeo_validate_temporal_weights)"
"export:ngeo_validate_time_axis","export","ngeo_validate_time_axis","stable","core-api","","","export(ngeo_validate_time_axis)"
"export:ngeo_validate_transform","export","ngeo_validate_transform","stable","core-api","","","export(ngeo_validate_transform)"
"export:ngeo_validate_transform_graph","export","ngeo_validate_transform_graph","stable","core-api","","","export(ngeo_validate_transform_graph)"
"export:ngeo_value_chunks","export","ngeo_value_chunks","stable","core-api","","","export(ngeo_value_chunks)"
"export:ngeo_values","export","ngeo_values","stable","core-api","","","export(ngeo_values)"
"export:ngeo_variogram","export","ngeo_variogram","stable","statistical-methods","","","export(ngeo_variogram)"
"export:ngeo_variogram_uncertainty","export","ngeo_variogram_uncertainty","stable","statistical-methods","","","export(ngeo_variogram_uncertainty)"
"export:ngeo_vertex_area","export","ngeo_vertex_area","stable","core-api","","","export(ngeo_vertex_area)"
"export:ngeo_volume","export","ngeo_volume","stable","core-api","","","export(ngeo_volume)"
"export:ngeo_voxel_overlap_map","export","ngeo_voxel_overlap_map","stable","core-api","","","export(ngeo_voxel_overlap_map)"
"export:ngeo_voxel_volume","export","ngeo_voxel_volume","stable","core-api","","","export(ngeo_voxel_volume)"
"export:ngeo_wavelet_coupling","export","ngeo_wavelet_coupling","stable","statistical-methods","","","export(ngeo_wavelet_coupling)"
"export:ngeo_write_artifact_batch","export","ngeo_write_artifact_batch","stable","io","","","export(ngeo_write_artifact_batch)"
"export:read_ngeo","export","read_ngeo","stable","io","","","export(read_ngeo)"
"export:read_ngeo_artifact_manifest","export","read_ngeo_artifact_manifest","stable","io","","","export(read_ngeo_artifact_manifest)"
"export:read_ngeo_cifti","export","read_ngeo_cifti","stable","io","","","export(read_ngeo_cifti)"
"export:read_ngeo_cifti_filebacked","export","read_ngeo_cifti_filebacked","stable","io","","","export(read_ngeo_cifti_filebacked)"
"export:read_ngeo_filebacked","export","read_ngeo_filebacked","stable","io","","","export(read_ngeo_filebacked)"
"export:read_ngeo_freesurfer","export","read_ngeo_freesurfer","stable","io","","","export(read_ngeo_freesurfer)"
"export:read_ngeo_gifti","export","read_ngeo_gifti","stable","io","","","export(read_ngeo_gifti)"
"export:read_ngeo_manifest","export","read_ngeo_manifest","stable","io","","","export(read_ngeo_manifest)"
"export:read_ngeo_mgh_filebacked","export","read_ngeo_mgh_filebacked","stable","io","","","export(read_ngeo_mgh_filebacked)"
"export:read_ngeo_nifti","export","read_ngeo_nifti","stable","io","","","export(read_ngeo_nifti)"
"export:read_ngeo_nifti_filebacked","export","read_ngeo_nifti_filebacked","stable","io","","","export(read_ngeo_nifti_filebacked)"
"export:read_ngeo_replay_manifest","export","read_ngeo_replay_manifest","stable","io","","","export(read_ngeo_replay_manifest)"
"export:read_ngeo_support_bundle","export","read_ngeo_support_bundle","stable","io","","","export(read_ngeo_support_bundle)"
"export:read_ngeo_support_map","export","read_ngeo_support_map","stable","io","","","export(read_ngeo_support_map)"
"export:spatial_base","export","spatial_base","stable-compatibility","statistical-methods","ngeo_spatial_base","7.0.0","export(spatial_base)"
"export:values","export","values","stable-compatibility","core-api","ngeo_values","7.0.0","export(values)"
"export:write_ngeo","export","write_ngeo","stable","io","","","export(write_ngeo)"
"export:write_ngeo_artifact_manifest","export","write_ngeo_artifact_manifest","stable","io","","","export(write_ngeo_artifact_manifest)"
"export:write_ngeo_bids_derivative","export","write_ngeo_bids_derivative","stable","io","","","export(write_ngeo_bids_derivative)"
"export:write_ngeo_cifti","export","write_ngeo_cifti","stable","io","","","export(write_ngeo_cifti)"
"export:write_ngeo_filebacked","export","write_ngeo_filebacked","stable","io","","","export(write_ngeo_filebacked)"
"export:write_ngeo_freesurfer","export","write_ngeo_freesurfer","stable","io","","","export(write_ngeo_freesurfer)"
"export:write_ngeo_gifti","export","write_ngeo_gifti","stable","io","","","export(write_ngeo_gifti)"
"export:write_ngeo_manifest","export","write_ngeo_manifest","stable","io","","","export(write_ngeo_manifest)"
"export:write_ngeo_nifti","export","write_ngeo_nifti","stable","io","","","export(write_ngeo_nifti)"
"export:write_ngeo_replay_manifest","export","write_ngeo_replay_manifest","stable","io","","","export(write_ngeo_replay_manifest)"
"export:write_ngeo_support_bundle","export","write_ngeo_support_bundle","stable","io","","","export(write_ngeo_support_bundle)"
"export:write_ngeo_support_map","export","write_ngeo_support_map","stable","io","","","export(write_ngeo_support_map)"
"generic:[","generic","[","stable","core-api","","",""
"generic:as.matrix","generic","as.matrix","stable","core-api","","",""
"generic:dim","generic","dim","stable","core-api","","",""
"generic:dimnames","generic","dimnames","stable","core-api","","",""
"generic:dimnames<-","generic","dimnames<-","stable","core-api","","",""
"generic:plot","generic","plot","stable","core-api","","",""
"generic:print","generic","print","stable","core-api","","",""
"generic:summary","generic","summary","stable","core-api","","",""
"s3_method:[.ngeo_delayed_values","s3_method","[.ngeo_delayed_values","stable","core-api","","","S3method(""["",ngeo_delayed_values)"
"s3_method:as.matrix.ngeo_delayed_values","s3_method","as.matrix.ngeo_delayed_values","stable","core-api","","","S3method(as.matrix,ngeo_delayed_values)"
"s3_method:dim.ngeo_delayed_values","s3_method","dim.ngeo_delayed_values","stable","core-api","","","S3method(dim,ngeo_delayed_values)"
"s3_method:dimnames.ngeo_delayed_values","s3_method","dimnames.ngeo_delayed_values","stable","core-api","","","S3method(dimnames,ngeo_delayed_values)"
"s3_method:dimnames<-.ngeo_delayed_values","s3_method","dimnames<-.ngeo_delayed_values","stable","core-api","","","S3method(""dimnames<-"",ngeo_delayed_values)"
"s3_method:plot.ngeo","s3_method","plot.ngeo","stable","core-api","","","S3method(plot,ngeo)"
"s3_method:plot.ngeo_correlogram","s3_method","plot.ngeo_correlogram","stable","core-api","","","S3method(plot,ngeo_correlogram)"
"s3_method:plot.ngeo_cortical_layout","s3_method","plot.ngeo_cortical_layout","stable","core-api","","","S3method(plot,ngeo_cortical_layout)"
"s3_method:plot.ngeo_cortical_map","s3_method","plot.ngeo_cortical_map","stable","core-api","","","S3method(plot,ngeo_cortical_map)"
"s3_method:plot.ngeo_getis","s3_method","plot.ngeo_getis","stable","core-api","","","S3method(plot,ngeo_getis)"
"s3_method:plot.ngeo_global_stat","s3_method","plot.ngeo_global_stat","stable","core-api","","","S3method(plot,ngeo_global_stat)"
"s3_method:plot.ngeo_lisa","s3_method","plot.ngeo_lisa","stable","core-api","","","S3method(plot,ngeo_lisa)"
"s3_method:plot.ngeo_partition","s3_method","plot.ngeo_partition","stable","neuroimaging-methods","","","S3method(plot,ngeo_partition)"
"s3_method:plot.ngeo_qc","s3_method","plot.ngeo_qc","stable","core-api","","","S3method(plot,ngeo_qc)"
"s3_method:plot.ngeo_spatial_weights","s3_method","plot.ngeo_spatial_weights","stable","statistical-methods","","","S3method(plot,ngeo_spatial_weights)"
"s3_method:plot.ngeo_support_diagnostics","s3_method","plot.ngeo_support_diagnostics","stable","neuroimaging-methods","","","S3method(plot,ngeo_support_diagnostics)"
"s3_method:plot.ngeo_support_map","s3_method","plot.ngeo_support_map","stable","neuroimaging-methods","","","S3method(plot,ngeo_support_map)"
"s3_method:plot.ngeo_variogram","s3_method","plot.ngeo_variogram","stable","statistical-methods","","","S3method(plot,ngeo_variogram)"
"s3_method:print.ngeo","s3_method","print.ngeo","stable","core-api","","","S3method(print,ngeo)"
"s3_method:print.ngeo_artifact_manifest","s3_method","print.ngeo_artifact_manifest","stable","reproducibility-engineering","","","S3method(print,ngeo_artifact_manifest)"
"s3_method:print.ngeo_atlas_robust_effect","s3_method","print.ngeo_atlas_robust_effect","stable","neuroimaging-methods","","","S3method(print,ngeo_atlas_robust_effect)"
"s3_method:print.ngeo_batch_manifest","s3_method","print.ngeo_batch_manifest","stable","reproducibility-engineering","","","S3method(print,ngeo_batch_manifest)"
"s3_method:print.ngeo_bids_name","s3_method","print.ngeo_bids_name","stable","io","","","S3method(print,ngeo_bids_name)"
"s3_method:print.ngeo_boundary_test","s3_method","print.ngeo_boundary_test","stable","core-api","","","S3method(print,ngeo_boundary_test)"
"s3_method:print.ngeo_car","s3_method","print.ngeo_car","stable","statistical-methods","","","S3method(print,ngeo_car)"
"s3_method:print.ngeo_car_uncertainty","s3_method","print.ngeo_car_uncertainty","stable","statistical-methods","","","S3method(print,ngeo_car_uncertainty)"
"s3_method:print.ngeo_common_support_test","s3_method","print.ngeo_common_support_test","stable","neuroimaging-methods","","","S3method(print,ngeo_common_support_test)"
"s3_method:print.ngeo_coordinate_space","s3_method","print.ngeo_coordinate_space","stable","core-api","","","S3method(print,ngeo_coordinate_space)"
"s3_method:print.ngeo_coordinate_space_registry","s3_method","print.ngeo_coordinate_space_registry","stable","core-api","","","S3method(print,ngeo_coordinate_space_registry)"
"s3_method:print.ngeo_coregionalization","s3_method","print.ngeo_coregionalization","experimental","core-api","","","S3method(print,ngeo_coregionalization)"
"s3_method:print.ngeo_correlogram","s3_method","print.ngeo_correlogram","stable","core-api","","","S3method(print,ngeo_correlogram)"
"s3_method:print.ngeo_cortical_layout","s3_method","print.ngeo_cortical_layout","stable","core-api","","","S3method(print,ngeo_cortical_layout)"
"s3_method:print.ngeo_cortical_map","s3_method","print.ngeo_cortical_map","stable","core-api","","","S3method(print,ngeo_cortical_map)"
"s3_method:print.ngeo_cross_atlas","s3_method","print.ngeo_cross_atlas","stable","neuroimaging-methods","","","S3method(print,ngeo_cross_atlas)"
"s3_method:print.ngeo_cross_atlas_consensus","s3_method","print.ngeo_cross_atlas_consensus","stable","neuroimaging-methods","","","S3method(print,ngeo_cross_atlas_consensus)"
"s3_method:print.ngeo_exchangeability","s3_method","print.ngeo_exchangeability","stable","core-api","","","S3method(print,ngeo_exchangeability)"
"s3_method:print.ngeo_file_values","s3_method","print.ngeo_file_values","stable","io","","","S3method(print,ngeo_file_values)"
"s3_method:print.ngeo_frozen_regionalization","s3_method","print.ngeo_frozen_regionalization","stable","statistical-methods","","","S3method(print,ngeo_frozen_regionalization)"
"s3_method:print.ngeo_getis","s3_method","print.ngeo_getis","stable","core-api","","","S3method(print,ngeo_getis)"
"s3_method:print.ngeo_gis_analysis","s3_method","print.ngeo_gis_analysis","stable","statistical-methods","","","S3method(print,ngeo_gis_analysis)"
"s3_method:print.ngeo_global_stat","s3_method","print.ngeo_global_stat","stable","core-api","","","S3method(print,ngeo_global_stat)"
"s3_method:print.ngeo_group_result","s3_method","print.ngeo_group_result","stable","statistical-methods","","","S3method(print,ngeo_group_result)"
"s3_method:print.ngeo_gwr","s3_method","print.ngeo_gwr","stable","statistical-methods","","","S3method(print,ngeo_gwr)"
"s3_method:print.ngeo_gwr_bandwidth","s3_method","print.ngeo_gwr_bandwidth","stable","statistical-methods","","","S3method(print,ngeo_gwr_bandwidth)"
"s3_method:print.ngeo_gwr_uncertainty","s3_method","print.ngeo_gwr_uncertainty","stable","statistical-methods","","","S3method(print,ngeo_gwr_uncertainty)"
"s3_method:print.ngeo_history_dag","s3_method","print.ngeo_history_dag","stable","core-api","","","S3method(print,ngeo_history_dag)"
"s3_method:print.ngeo_inference_contract","s3_method","print.ngeo_inference_contract","stable","core-api","","","S3method(print,ngeo_inference_contract)"
"s3_method:print.ngeo_iterative_car","s3_method","print.ngeo_iterative_car","stable","statistical-methods","","","S3method(print,ngeo_iterative_car)"
"s3_method:print.ngeo_iterative_solution","s3_method","print.ngeo_iterative_solution","stable","core-api","","","S3method(print,ngeo_iterative_solution)"
"s3_method:print.ngeo_iterative_spatial_regression","s3_method","print.ngeo_iterative_spatial_regression","stable","statistical-methods","","","S3method(print,ngeo_iterative_spatial_regression)"
"s3_method:print.ngeo_kernel_regression","s3_method","print.ngeo_kernel_regression","stable","core-api","","","S3method(print,ngeo_kernel_regression)"
"s3_method:print.ngeo_layer_index","s3_method","print.ngeo_layer_index","stable","core-api","","","S3method(print,ngeo_layer_index)"
"s3_method:print.ngeo_layer_view","s3_method","print.ngeo_layer_view","stable","core-api","","","S3method(print,ngeo_layer_view)"
"s3_method:print.ngeo_lisa","s3_method","print.ngeo_lisa","stable","core-api","","","S3method(print,ngeo_lisa)"
"s3_method:print.ngeo_logdet_estimate","s3_method","print.ngeo_logdet_estimate","stable","core-api","","","S3method(print,ngeo_logdet_estimate)"
"s3_method:print.ngeo_mgwr","s3_method","print.ngeo_mgwr","experimental","statistical-methods","","","S3method(print,ngeo_mgwr)"
"s3_method:print.ngeo_migration_report","s3_method","print.ngeo_migration_report","stable","core-api","","","S3method(print,ngeo_migration_report)"
"s3_method:print.ngeo_multiscale_inference","s3_method","print.ngeo_multiscale_inference","stable","core-api","","","S3method(print,ngeo_multiscale_inference)"
"s3_method:print.ngeo_null","s3_method","print.ngeo_null","experimental","core-api","","","S3method(print,ngeo_null)"
"s3_method:print.ngeo_object_manifest","s3_method","print.ngeo_object_manifest","stable","reproducibility-engineering","","","S3method(print,ngeo_object_manifest)"
"s3_method:print.ngeo_parcellation_inference","s3_method","print.ngeo_parcellation_inference","stable","core-api","","","S3method(print,ngeo_parcellation_inference)"
"s3_method:print.ngeo_partition","s3_method","print.ngeo_partition","stable","neuroimaging-methods","","","S3method(print,ngeo_partition)"
"s3_method:print.ngeo_qc","s3_method","print.ngeo_qc","stable","core-api","","","S3method(print,ngeo_qc)"
"s3_method:print.ngeo_relation","s3_method","print.ngeo_relation","stable","core-api","","","S3method(print,ngeo_relation)"
"s3_method:print.ngeo_replay_manifest","s3_method","print.ngeo_replay_manifest","stable","reproducibility-engineering","","","S3method(print,ngeo_replay_manifest)"
"s3_method:print.ngeo_replay_result","s3_method","print.ngeo_replay_result","stable","reproducibility-engineering","","","S3method(print,ngeo_replay_result)"
"s3_method:print.ngeo_resampling_diagnostics","s3_method","print.ngeo_resampling_diagnostics","stable","neuroimaging-methods","","","S3method(print,ngeo_resampling_diagnostics)"
"s3_method:print.ngeo_resampling_plan","s3_method","print.ngeo_resampling_plan","stable","neuroimaging-methods","","","S3method(print,ngeo_resampling_plan)"
"s3_method:print.ngeo_resampling_result","s3_method","print.ngeo_resampling_result","stable","neuroimaging-methods","","","S3method(print,ngeo_resampling_result)"
"s3_method:print.ngeo_resource_budget","s3_method","print.ngeo_resource_budget","stable","reproducibility-engineering","","","S3method(print,ngeo_resource_budget)"
"s3_method:print.ngeo_solver_control","s3_method","print.ngeo_solver_control","stable","core-api","","","S3method(print,ngeo_solver_control)"
"s3_method:print.ngeo_spatial_basis","s3_method","print.ngeo_spatial_basis","stable","statistical-methods","","","S3method(print,ngeo_spatial_basis)"
"s3_method:print.ngeo_spatial_lm","s3_method","print.ngeo_spatial_lm","stable","statistical-methods","","","S3method(print,ngeo_spatial_lm)"
"s3_method:print.ngeo_spatial_ordination","s3_method","print.ngeo_spatial_ordination","experimental","statistical-methods","","","S3method(print,ngeo_spatial_ordination)"
"s3_method:print.ngeo_spatial_regression","s3_method","print.ngeo_spatial_regression","stable","statistical-methods","","","S3method(print,ngeo_spatial_regression)"
"s3_method:print.ngeo_spatial_regression_uncertainty","s3_method","print.ngeo_spatial_regression_uncertainty","stable","statistical-methods","","","S3method(print,ngeo_spatial_regression_uncertainty)"
"s3_method:print.ngeo_spatial_weights","s3_method","print.ngeo_spatial_weights","stable","statistical-methods","","","S3method(print,ngeo_spatial_weights)"
"s3_method:print.ngeo_spatiotemporal_moran","s3_method","print.ngeo_spatiotemporal_moran","stable","statistical-methods","","","S3method(print,ngeo_spatiotemporal_moran)"
"s3_method:print.ngeo_spatiotemporal_weights","s3_method","print.ngeo_spatiotemporal_weights","stable","core-api","","","S3method(print,ngeo_spatiotemporal_weights)"
"s3_method:print.ngeo_stream_lm","s3_method","print.ngeo_stream_lm","stable","core-api","","","S3method(print,ngeo_stream_lm)"
"s3_method:print.ngeo_subject_features","s3_method","print.ngeo_subject_features","stable","core-api","","","S3method(print,ngeo_subject_features)"
"s3_method:print.ngeo_support_adjustment","s3_method","print.ngeo_support_adjustment","stable","neuroimaging-methods","","","S3method(print,ngeo_support_adjustment)"
"s3_method:print.ngeo_support_bundle_output","s3_method","print.ngeo_support_bundle_output","stable","neuroimaging-methods","","","S3method(print,ngeo_support_bundle_output)"
"s3_method:print.ngeo_support_condition","s3_method","print.ngeo_support_condition","stable","neuroimaging-methods","","","S3method(print,ngeo_support_condition)"
"s3_method:print.ngeo_support_covariance","s3_method","print.ngeo_support_covariance","stable","neuroimaging-methods","","","S3method(print,ngeo_support_covariance)"
"s3_method:print.ngeo_support_diagnostics","s3_method","print.ngeo_support_diagnostics","stable","neuroimaging-methods","","","S3method(print,ngeo_support_diagnostics)"
"s3_method:print.ngeo_support_ensemble","s3_method","print.ngeo_support_ensemble","stable","neuroimaging-methods","","","S3method(print,ngeo_support_ensemble)"
"s3_method:print.ngeo_support_map","s3_method","print.ngeo_support_map","stable","neuroimaging-methods","","","S3method(print,ngeo_support_map)"
"s3_method:print.ngeo_support_model","s3_method","print.ngeo_support_model","stable","neuroimaging-methods","","","S3method(print,ngeo_support_model)"
"s3_method:print.ngeo_support_model_ensemble","s3_method","print.ngeo_support_model_ensemble","stable","neuroimaging-methods","","","S3method(print,ngeo_support_model_ensemble)"
"s3_method:print.ngeo_support_sensitivity","s3_method","print.ngeo_support_sensitivity","stable","neuroimaging-methods","","","S3method(print,ngeo_support_sensitivity)"
"s3_method:print.ngeo_support_test","s3_method","print.ngeo_support_test","stable","neuroimaging-methods","","","S3method(print,ngeo_support_test)"
"s3_method:print.ngeo_support_uncertainty","s3_method","print.ngeo_support_uncertainty","stable","neuroimaging-methods","","","S3method(print,ngeo_support_uncertainty)"
"s3_method:print.ngeo_temporal_weights","s3_method","print.ngeo_temporal_weights","stable","core-api","","","S3method(print,ngeo_temporal_weights)"
"s3_method:print.ngeo_time_axis","s3_method","print.ngeo_time_axis","stable","core-api","","","S3method(print,ngeo_time_axis)"
"s3_method:print.ngeo_transform_graph","s3_method","print.ngeo_transform_graph","stable","core-api","","","S3method(print,ngeo_transform_graph)"
"s3_method:print.ngeo_transform_path","s3_method","print.ngeo_transform_path","stable","core-api","","","S3method(print,ngeo_transform_path)"
"s3_method:print.ngeo_variogram","s3_method","print.ngeo_variogram","stable","statistical-methods","","","S3method(print,ngeo_variogram)"
"s3_method:print.ngeo_variogram_fit","s3_method","print.ngeo_variogram_fit","stable","statistical-methods","","","S3method(print,ngeo_variogram_fit)"
"s3_method:print.ngeo_variogram_uncertainty","s3_method","print.ngeo_variogram_uncertainty","stable","statistical-methods","","","S3method(print,ngeo_variogram_uncertainty)"
"s3_method:summary.ngeo","s3_method","summary.ngeo","stable","core-api","","","S3method(summary,ngeo)"
"s3_method:summary.ngeo_inference_contract","s3_method","summary.ngeo_inference_contract","stable","core-api","","","S3method(summary,ngeo_inference_contract)"
